"Keyword","Freq"
"data",2150
"experience",1435
"francisco",651
"business",542
"work",526
"product",506
"san",485
"learning",440
"san francisco",428
"skills",419
"science",418
"years",413
"team",400
"analysis",384
"machine",358
"new",352
"design",343
"machine learning",340
"ability",337
"strong",314
"python",310
"working",295
"development",290
"help",277
"models",273
"analytics",269
"statistics",267
"contact",257
"tools",252
"statistical",249
"etc",240
"job",238
"careers",236
"engineering",225
"quantitative",225
"marketing",221
"knowledge",215
"degree",214
"understanding",210
"large",209
"teams",209
"will",208
"sql",206
"solutions",205
"caworkbridge",204
"apply",202
"insights",202
"support",202
"technical",201
"computer",199
"privacy",199
"research",199
"develop",195
"search",195
"jobs",193
"software",190
"caworkbridge san",186
"caworkbridge san francisco",186
"products",186
"data science",185
"algorithms",183
"building",179
"computer science",178
"hadoop",177
"including",176
"modeling",175
"using",175
"blog",169
"home",169
"build",168
"drive",166
"field",166
"francisco caworkbridge",166
"francisco caworkbridge san",166
"francisco caworkbridge san francisco",166
"benefits",164
"communication",164
"projects",162
"scientist",160
"share",159
"technology",159
"advanced",157
"customer",156
"problems",156
"media",155
"big",154
"plus",153
"systems",153
"years experience",153
"use",149
"management",147
"phd",147
"mobile",144
"services",143
"company",142
"techniques",142
"events",141
"industry",140
"terms",140
"contact us",135
"related",133
"programming",132
"information",129
"senior",129
"data scientist",128
"spark",128
"results",127
"environment",126
"facebook",126
"sales",126
"time",126
"linkedin",125
"understand",124
"ago",123
"analytical",123
"communicate",123
"city",122
"twitter",122
"service",119
"familiarity",118
"implement",117
"one",117
"high",116
"big data",115
"communication skills",115
"experience working",115
"across",114
"technologies",114
"client",113
"easy",111
"hours",110
"sets",110
"java",109
"performance",109
"predictive",109
"success",109
"data sets",108
"francisco ca",108
"least",108
"policy",108
"login",107
"quality",107
"social",107
"can",106
"excellent",105
"mining",105
"user",105
"find",104
"leadership",103
"complex",102
"multiple",102
"life",101
"preferred",101
"easy apply",100
"people",99
"opportunities",98
"language",97
"lead",97
"customers",96
"languages",96
"center",95
"data mining",95
"data analysis",93
"mathematics",93
"medical",93
"health",92
"production",92
"web",92
"email",91
"united",91
"best",90
"equivalent",90
"hive",90
"process",89
"visualization",89
"code",88
"identify",87
"methods",87
"relevant",87
"san francisco ca",87
"passion",85
"press",85
"analyses",84
"delivery",84
"features",84
"written",84
"expertise",82
"global",82
"key",82
"like",82
"required",82
"senior data",82
"travel",82
"databases",81
"expert",81
"news",81
"engineer",80
"vision",80
"demonstrated",79
"applied",78
"impact",77
"privacy policy",77
"create",76
"digital",76
"analyze",75
"english",75
"locations",75
"metrics",75
"open",75
"processing",75
"tech",75
"developing",74
"learn",74
"masters",74
"well",74
"application",73
"industry experience",73
"office",73
"operations",73
"processes",73
"scale",73
"applications",72
"real",71
"right",71
"students",71
"clients",70
"hours ago",70
"manage",70
"newsroom",70
"reports",70
"salary",70
"improve",69
"solve",69
"stories",69
"make",68
"math",68
"partners",68
"problem",68
"tableau",68
"year",68
"closely",67
"discipline",67
"highly",67
"scientists",67
"deep",66
"engineers",66
"see",66
"sources",66
"able",65
"collaborate",65
"community",65
"distributed",65
"infrastructure",65
"platform",65
"testing",65
"care",64
"data scientistkpermanentsan",64
"follow",64
"food",64
"role",64
"scientistkpermanentsan",64
"solving",64
"work us",64
"effectively",63
"financial",63
"analytic",62
"bachelors",62
"consumer",62
"employers",62
"model",62
"offer",62
"package",62
"actionable",61
"api",61
"computing",61
"ideas",61
"manager",61
"provide",61
"reporting",61
"security",61
"via",61
"database",60
"good",60
"r python",60
"sas",60
"states",60
"story",60
"things",60
"united states",60
"valley",60
"youtube",60
"dental",59
"experience data",59
"matlab",59
"optimization",59
"plan",59
"background",58
"decisions",58
"existing",58
"follow us",58
"issues",58
"ms phd",58
"need",58
"programs",58
"track",58
"users",58
"based",57
"helping",57
"regression",57
"relationships",57
"cybercoderscybercoders",56
"data scientistkpermanentsan francisco",56
"data scientistkpermanentsan francisco caworkbridge",56
"datasets",56
"internal",56
"must",56
"partner",56
"record",56
"scala",56
"scientistkpermanentsan francisco",56
"scientistkpermanentsan francisco caworkbridge",56
"scientistkpermanentsan francisco caworkbridge san",56
"scripting",56
"silicon",56
"silicon valley",56
"experience building",55
"needs",55
"online",55
"quantitative discipline",55
"verbal",55
"basic",54
"economics",54
"maintain",54
"network",54
"professional",54
"resources",54
"value",54
"within",54
"comfortable",53
"data scientists",53
"findings",53
"minimum",53
"analyzing",52
"data visualization",52
"job search",52
"large data",52
"level",52
"related field",52
"startup",52
"day",51
"experiments",51
"proficiency",51
"safety",51
"attractive",50
"attractive package",50
"attractive package salary",50
"attractive package salary benefits",50
"benefits offer",50
"benefits offer right",50
"culture",50
"deliver",50
"developer",50
"get",50
"javascript",50
"know",50
"members",50
"offer right",50
"package salary",50
"package salary benefits",50
"package salary benefits offer",50
"salary benefits",50
"salary benefits offer",50
"salary benefits offer right",50
"small",50
"track record",50
"app",49
"concepts",49
"design implement",49
"mysql",49
"perform",49
"proven",49
"scientific",49
"writing",49
"candidate",48
"cities",48
"game",48
"large data sets",48
"now",48
"recruiter",48
"search jobs",48
"test",48
"various",48
"corporate",47
"define",47
"dental vision",47
"designing",47
"ensure",47
"feature",47
"legal",47
"managers",47
"matching",47
"organization",47
"overview",47
"practices",47
"questions",47
"solid",47
"video",47
"ability work",46
"alto",46
"bachelors degree",46
"business travel",46
"career",46
"cloud",46
"experiences",46
"find city",46
"frameworks",46
"helping cities",46
"least years",46
"palo",46
"palo alto",46
"ride",46
"sign",46
"similar",46
"stakeholders",46
"strategy",46
"system",46
"uber",46
"uber api",46
"delivering",45
"disorder",45
"following",45
"handson",45
"integration",45
"leverage",45
"nosql",45
"coding",44
"creating",44
"dashboards",44
"education",44
"innovative",44
"meet",44
"physics",44
"resume",44
"terms use",44
"workbridge",44
"automation",43
"clear",43
"current",43
"execute",43
"faqs",43
"flexible",43
"intelligence",43
"profile",43
"training",43
"variety",43
"advanced degree",42
"alto ca",42
"california",42
"computational",42
"deloitte",42
"dynamic",42
"extensive",42
"growth",42
"interest",42
"palo alto ca",42
"presentation",42
"relational",42
"visual",42
"york",42
"classification",41
"creative",41
"every",41
"linux",41
"providers",41
"quantitative field",41
"work closely",41
"applying",40
"area",40
"catered",40
"clustering",40
"content",40
"excel",40
"explore",40
"fastpaced",40
"great",40
"implementation",40
"making",40
"mapreduce",40
"medical dental",40
"new york",40
"predictive models",40
"qualifications",40
"resume cv",40
"senior data scientistkpermanentsan",40
"share via",40
"workbridge san",40
"workbridge san francisco",40
"world",40
"core",39
"domain",39
"free",39
"goals",39
"love",39
"masters degree",39
"preferably",39
"sciences",39
"source",39
"different",38
"environments",38
"experienced",38
"feedback",38
"fusion",38
"innovation",38
"lunch",38
"mission",38
"natural",38
"packages",38
"pig",38
"problem solving",38
"recommendations",38
"register",38
"ruby",38
"senior data scientistkpermanentsan francisco",38
"social media",38
"way",38
"business problems",37
"c c",37
"collaborative",37
"customer success",37
"full",37
"hiring",37
"pandas",37
"practice",37
"years industry",37
"years industry experience",37
"academic",36
"angeles",36
"benefits offer right candidate",36
"change",36
"data sources",36
"desire",36
"enterprise",36
"future",36
"investor",36
"largescale",36
"mathematical",36
"medical dental vision",36
"offer right candidate",36
"platforms",36
"python r",36
"right candidate",36
"statistical analysis",36
"videos",36
"visualize",36
"zoomdata",36
"best practices",35
"cajobspring",35
"collaboration",35
"critical",35
"employment",35
"event",35
"exploratory",35
"finance",35
"investors",35
"live",35
"military",35
"next",35
"site",35
"top",35
"want",35
"analyst",34
"bring",34
"daily",34
"discover",34
"friend",34
"google",34
"graph",34
"guide",34
"identifying",34
"leading",34
"los",34
"los angeles",34
"nlp",34
"operations research",34
"perl",34
"redshift",34
"relations",34
"requirements",34
"student",34
"university",34
"washington",34
"work experience",34
"approach",33
"approaches",33
"competitive",33
"consulting",33
"custom",33
"data sharpening",33
"end",33
"major",33
"map",33
"market",33
"ownership",33
"prior",33
"sharpening",33
"something",33
"take",33
"unstructured",33
"agent",32
"apps",32
"back",32
"chicago",32
"contractor",32
"engagement",32
"experimental",32
"extraction",32
"fun",32
"help center",32
"high quality",32
"intuitive",32
"islands",32
"kaiser",32
"large datasets",32
"learning algorithms",32
"learning data",32
"local",32
"machine learning algorithms",32
"machine learning data",32
"methodologies",32
"missing",32
"post",32
"public",32
"statistics machine",32
"statistics machine learning",32
"success stories",32
"talent",32
"text",32
"thinking",32
"trends",32
"weekly",32
"youre",32
"diversity",31
"experience hadoop",31
"implementing",31
"interpersonal",31
"open source",31
"paid",31
"planning",31
"presentations",31
"professionals",31
"program",31
"scalable",31
"strategic",31
"team members",31
"written verbal",31
"account",30
"address",30
"available",30
"cart",30
"compelling",30
"descriptionyou",30
"descriptionyou will",30
"experience using",30
"external",30
"happy",30
"healthcare",30
"improvement",30
"leaders",30
"limbs",30
"makes",30
"missing limbs",30
"motion",30
"others",30
"part",30
"passionate",30
"provider",30
"relational databases",30
"restaurants",30
"science engineering",30
"sense",30
"standards",30
"transformation",30
"working large",30
"areas",29
"automated",29
"aws",29
"behavior",29
"cajobspring san",29
"cajobspring san francisco",29
"comprehensive",29
"degree quantitative",29
"disability",29
"least one",29
"may",29
"principal",29
"range",29
"realtime",29
"staff",29
"ventures",29
"visualizations",29
"website",29
"years relevant",29
"awards",28
"california united",28
"city ca",28
"college",28
"complete",28
"credit",28
"data analytics",28
"data technologies",28
"diverse",28
"estate",28
"exceptional",28
"fitbit",28
"functional",28
"games",28
"grow",28
"gym",28
"hadoop spark",28
"happy hours",28
"inc",28
"independently",28
"influence",28
"log",28
"manipulating",28
"nontechnical",28
"philadelphia",28
"present",28
"rental",28
"science related",28
"solution",28
"spss",28
"studies",28
"tasks",28
"technical field",28
"washington dc",28
"women",28
"beyond",27
"business intelligence",27
"components",27
"contribute",27
"decision",27
"driven",27
"forecasting",27
"hdfs",27
"intellectual",27
"journey",27
"music",27
"numpy",27
"oracle",27
"patterns",27
"phd quantitative",27
"product managers",27
"programming skills",27
"project",27
"redwood",27
"redwood city",27
"redwood city ca",27
"software engineer",27
"weeks",27
"will work",27
"working knowledge",27
"angelesnew",26
"angelesnew yorkorange",26
"angelesnew yorkorange countyphiladelphiasan",26
"angelesnew yorkorange countyphiladelphiasan franciscosilicon",26
"attitude",26
"behavioral",26
"boston",26
"compensationk",26
"compensationk doe",26
"contractor login",26
"county",26
"countyphiladelphiasan",26
"countyphiladelphiasan franciscosilicon",26
"countyphiladelphiasan franciscosilicon valleytorontowashington",26
"countyphiladelphiasan franciscosilicon valleytorontowashington dc",26
"dallas",26
"deploy",26
"determine",26
"discover hidden",26
"doe",26
"effective",26
"email job",26
"email job friend",26
"employee",26
"enable",26
"engaging",26
"excellent communication",26
"exciting",26
"experience one",26
"extensive experience",26
"fields",26
"francisco cajobspring",26
"francisco cajobspring san",26
"francisco cajobspring san francisco",26
"francisco california",26
"franciscosilicon",26
"franciscosilicon valleytorontowashington",26
"franciscosilicon valleytorontowashington dc",26
"generate",26
"handson experience",26
"help privacy",26
"hidden",26
"industrial",26
"initiatives",26
"interview",26
"job cart",26
"job friend",26
"junior",26
"mathematics statistics",26
"mortgage",26
"natural language",26
"operational",26
"optimize",26
"orange",26
"orange county",26
"page",26
"pipelines",26
"practical",26
"probability",26
"prototyping",26
"r matlab",26
"share facebook",26
"share linkedin",26
"share twitter",26
"side",26
"statistical modeling",26
"statistical models",26
"statistics mathematics",26
"tech motion",26
"toronto",26
"translate",26
"unix",26
"valleytorontowashington",26
"valleytorontowashington dc",26
"values",26
"webinars",26
"week",26
"willing",26
"written communication",26
"yorkorange",26
"yorkorange countyphiladelphiasan",26
"yorkorange countyphiladelphiasan franciscosilicon",26
"yorkorange countyphiladelphiasan franciscosilicon valleytorontowashington",26
"youll",26
"advertising",25
"around",25
"bonus",25
"conditions",25
"datadriven",25
"demand",25
"ecommerce",25
"financial services",25
"functions",25
"individuals",25
"least years experience",25
"maintaining",25
"order",25
"previous",25
"prioritize",25
"product development",25
"proficient",25
"snacks",25
"structured",25
"view",25
"actionbe",24
"actionbe inspiredlearn",24
"analysis data",24
"apex",24
"audio",24
"awareness",24
"big data technologies",24
"big data visualize",24
"big data visualize go",24
"clearly",24
"computer science related",24
"crossfunctional",24
"data sharpening fusion",24
"data sharpening fusion technologies",24
"data visualize",24
"data visualize go",24
"data visualize go engaging",24
"development experience",24
"director",24
"discover hidden insights",24
"discover hidden insights big",24
"engaging intuitive",24
"engaging intuitive journey",24
"engaging intuitive journey today",24
"exciting data",24
"exciting data sharpening",24
"exciting data sharpening fusion",24
"experimental design",24
"focused",24
"fulltime",24
"fusion technologies",24
"fusion technologies actionbe",24
"fusion technologies actionbe inspiredlearn",24
"go engaging",24
"go engaging intuitive",24
"go engaging intuitive journey",24
"hadoop hive",24
"hidden insights",24
"hidden insights big",24
"hidden insights big data",24
"history",24
"insights big",24
"insights big data",24
"insights big data visualize",24
"inspiredlearn",24
"instagram",24
"intuitive journey",24
"intuitive journey today",24
"intuitive journey today see",24
"journey today",24
"journey today see",24
"journey today see zoomdatas",24
"learning models",24
"learning techniques",24
"loan",24
"makes zoomdata",24
"makes zoomdata uniqueare",24
"makes zoomdata uniqueare struggling",24
"managing",24
"mckinsey",24
"opportunity",24
"pig hive",24
"predictive modeling",24
"python java",24
"recommendation",24
"resource",24
"responsible",24
"retail",24
"saved",24
"see zoomdatas",24
"see zoomdatas exciting",24
"see zoomdatas exciting data",24
"selfstarter",24
"sharpening fusion",24
"sharpening fusion technologies",24
"sharpening fusion technologies actionbe",24
"statistics computer",24
"statistics computer science",24
"storage",24
"struggling",24
"struggling discover",24
"struggling discover hidden",24
"struggling discover hidden insights",24
"technologies actionbe",24
"technologies actionbe inspiredlearn",24
"tips",24
"today",24
"today see",24
"today see zoomdatas",24
"today see zoomdatas exciting",24
"uniqueare",24
"uniqueare struggling",24
"uniqueare struggling discover",24
"uniqueare struggling discover hidden",24
"visualize go",24
"visualize go engaging",24
"visualize go engaging intuitive",24
"wide",24
"zoomdata uniqueare",24
"zoomdata uniqueare struggling",24
"zoomdata uniqueare struggling discover",24
"zoomdatas",24
"zoomdatas exciting",24
"zoomdatas exciting data",24
"zoomdatas exciting data sharpening",24
"answer",23
"architecture",23
"audience",23
"australia",23
"b testing",23
"capital",23
"course",23
"data products",23
"degree quantitative discipline",23
"designs",23
"efficient",23
"equity",23
"experience working large",23
"faq",23
"highlevel",23
"ideally",23
"language processing",23
"located",23
"move",23
"objectives",23
"performing",23
"report",23
"risk",23
"room",23
"shell",23
"specific",23
"stack",23
"streaming",23
"successful",23
